400,175.181.232.231,http://www.test-app.com/102
300,145.69.48.238,http://www.test-app.com/197
200,111.92.70.8,http://www.test-app.com/61
500,149.136.124.157,http://www.test-app.com/354
200,101.32.181.253,http://www.test-app.com/265
500,177.139.182.71,http://www.test-app.com/335
300,248.255.82.95,http://www.test-app.com/263
200,137.228.195.255,http://www.test-app.com/79
200,40.28.101.190,http://www.test-app.com/367
200,59.170.61.195,http://www.test-app.com/120
200,139.78.163.238,http://www.test-app.com/2
500,201.169.103.124,http://www.test-app.com/66
400,191.27.136.175,http://www.test-app.com/186
400,6.96.223.22,http://www.test-app.com/146
500,162.134.112.172,http://www.test-app.com/261
300,92.119.195.200,http://www.test-app.com/223
300,137.174.55.97,http://www.test-app.com/23
200,204.75.199.211,http://www.test-app.com/249
500,232.143.151.201,http://www.test-app.com/169
200,112.26.71.253,http://www.test-app.com/352
200,71.21.0.203,http://www.test-app.com/226
200,196.152.124.127,http://www.test-app.com/148
200,232.143.151.201,http://www.test-app.com/323
300,19.101.136.156,http://www.test-app.com/349
500,19.101.136.156,http://www.test-app.com/239
300,237.55.144.60,http://www.test-app.com/98
400,142.160.218.25,http://www.test-app.com/172
200,236.96.44.98,http://www.test-app.com/370
200,176.102.194.54,http://www.test-app.com/212
200,67.84.234.229,http://www.test-app.com/336
200,5.14.199.249,http://www.test-app.com/309
200,255.63.156.134,http://www.test-app.com/39
200,223.122.227.1,http://www.test-app.com/116
400,90.204.255.231,http://www.test-app.com/67
200,71.96.99.150,http://www.test-app.com/175
200,81.248.57.182,http://www.test-app.com/336
500,233.105.163.31,http://www.test-app.com/50
400,90.178.215.176,http://www.test-app.com/391
200,61.151.64.8,http://www.test-app.com/91
200,68.211.110.86,http://www.test-app.com/184
400,157.0.41.159,http://www.test-app.com/289
200,255.85.152.208,http://www.test-app.com/151
300,180.179.163.98,http://www.test-app.com/54
200,50.234.171.28,http://www.test-app.com/193
300,251.87.167.93,http://www.test-app.com/268
500,178.60.224.159,http://www.test-app.com/171
200,99.241.30.109,http://www.test-app.com/206
200,113.174.24.70,http://www.test-app.com/150
300,134.111.68.78,http://www.test-app.com/392
400,11.152.175.157,http://www.test-app.com/394
200,116.222.220.6,http://www.test-app.com/41
300,97.83.193.133,http://www.test-app.com/172
200,80.167.113.39,http://www.test-app.com/228
200,86.92.20.109,http://www.test-app.com/223
400,248.111.128.42,http://www.test-app.com/394
200,27.209.140.52,http://www.test-app.com/138
200,66.194.196.220,http://www.test-app.com/377
200,186.179.64.230,http://www.test-app.com/87
200,233.105.163.31,http://www.test-app.com/393
200,187.34.170.81,http://www.test-app.com/278
400,187.56.97.70,http://www.test-app.com/190
200,187.56.97.70,http://www.test-app.com/65
200,148.92.57.18,http://www.test-app.com/20
500,36.57.243.143,http://www.test-app.com/179
500,245.21.26.35,http://www.test-app.com/330
200,6.189.154.50,http://www.test-app.com/384
500,245.14.85.175,http://www.test-app.com/87
200,245.46.255.232,http://www.test-app.com/111
200,170.219.252.56,http://www.test-app.com/219
500,127.77.73.42,http://www.test-app.com/212
200,240.148.28.253,http://www.test-app.com/165
500,137.228.195.255,http://www.test-app.com/266
500,212.216.156.17,http://www.test-app.com/163
200,143.105.125.150,http://www.test-app.com/373
400,114.162.131.203,http://www.test-app.com/56
400,93.141.103.179,http://www.test-app.com/25
500,137.155.39.136,http://www.test-app.com/398
200,180.179.163.98,http://www.test-app.com/60
500,178.113.248.109,http://www.test-app.com/205
200,131.91.7.192,http://www.test-app.com/109
200,220.79.203.154,http://www.test-app.com/103
400,55.137.40.31,http://www.test-app.com/210
400,220.79.203.154,http://www.test-app.com/365
300,181.106.243.70,http://www.test-app.com/305
300,183.182.63.246,http://www.test-app.com/325
500,122.3.103.48,http://www.test-app.com/25
300,196.152.124.127,http://www.test-app.com/181
200,111.193.79.145,http://www.test-app.com/240
500,48.23.35.148,http://www.test-app.com/56
200,96.106.127.190,http://www.test-app.com/130
200,231.4.138.167,http://www.test-app.com/341
300,245.241.48.112,http://www.test-app.com/393
200,52.51.177.184,http://www.test-app.com/215
300,22.85.53.53,http://www.test-app.com/30
200,194.110.204.86,http://www.test-app.com/255
200,204.56.145.50,http://www.test-app.com/40
200,243.210.121.195,http://www.test-app.com/141
200,77.10.108.123,http://www.test-app.com/101
200,233.105.163.31,http://www.test-app.com/106
500,137.155.39.136,http://www.test-app.com/74
200,127.49.221.148,http://www.test-app.com/20
300,63.143.220.75,http://www.test-app.com/68
200,245.156.110.49,http://www.test-app.com/393
500,169.173.104.216,http://www.test-app.com/201
200,43.160.50.148,http://www.test-app.com/105
500,66.247.1.176,http://www.test-app.com/259
500,124.76.39.175,http://www.test-app.com/162
500,5.14.199.249,http://www.test-app.com/110
200,237.55.144.60,http://www.test-app.com/176
500,169.173.104.216,http://www.test-app.com/266
200,144.75.231.65,http://www.test-app.com/44
200,203.2.242.244,http://www.test-app.com/181
400,52.51.177.184,http://www.test-app.com/121
200,132.127.86.52,http://www.test-app.com/204
200,48.23.35.148,http://www.test-app.com/121
200,232.143.151.201,http://www.test-app.com/354
200,180.203.39.46,http://www.test-app.com/351
300,215.17.144.140,http://www.test-app.com/245
200,59.210.48.42,http://www.test-app.com/90
200,170.219.252.56,http://www.test-app.com/363
200,89.74.116.6,http://www.test-app.com/359
200,94.64.122.197,http://www.test-app.com/129
300,137.174.55.97,http://www.test-app.com/109
500,105.246.79.48,http://www.test-app.com/388
200,176.102.194.54,http://www.test-app.com/327
400,140.196.170.237,http://www.test-app.com/365
200,67.90.250.124,http://www.test-app.com/34
300,196.152.124.127,http://www.test-app.com/350
300,111.111.215.241,http://www.test-app.com/206
200,137.228.195.255,http://www.test-app.com/100
200,59.151.179.107,http://www.test-app.com/336
400,10.215.196.55,http://www.test-app.com/167
300,240.148.28.253,http://www.test-app.com/61
200,50.234.171.28,http://www.test-app.com/263
200,127.77.73.42,http://www.test-app.com/325
300,245.46.255.232,http://www.test-app.com/324
200,144.75.231.65,http://www.test-app.com/80
200,70.149.4.204,http://www.test-app.com/21
400,70.3.91.210,http://www.test-app.com/324
200,184.175.132.196,http://www.test-app.com/343
200,192.117.41.124,http://www.test-app.com/391
200,192.117.41.124,http://www.test-app.com/349
500,80.167.113.39,http://www.test-app.com/295
300,176.3.3.151,http://www.test-app.com/288
200,130.211.56.97,http://www.test-app.com/17
200,213.252.3.147,http://www.test-app.com/233
300,228.124.188.100,http://www.test-app.com/308
300,225.130.154.12,http://www.test-app.com/325
300,177.155.9.105,http://www.test-app.com/271
400,19.101.136.156,http://www.test-app.com/273
200,145.69.48.238,http://www.test-app.com/294
200,148.224.197.104,http://www.test-app.com/142
200,108.200.125.206,http://www.test-app.com/383
200,48.15.155.113,http://www.test-app.com/247
500,66.247.1.176,http://www.test-app.com/38
200,55.215.220.125,http://www.test-app.com/141
500,46.97.24.16,http://www.test-app.com/349
400,148.202.215.139,http://www.test-app.com/220
200,77.10.108.123,http://www.test-app.com/155
200,246.77.252.133,http://www.test-app.com/358
200,96.106.127.190,http://www.test-app.com/304
500,180.179.163.98,http://www.test-app.com/232
200,6.96.223.22,http://www.test-app.com/396
200,92.119.195.200,http://www.test-app.com/209
300,235.22.68.17,http://www.test-app.com/97
400,149.183.192.33,http://www.test-app.com/321
300,45.200.21.29,http://www.test-app.com/167
200,52.223.163.41,http://www.test-app.com/106
200,113.49.94.154,http://www.test-app.com/27
500,183.194.202.153,http://www.test-app.com/248
300,128.112.128.160,http://www.test-app.com/293
400,140.25.202.83,http://www.test-app.com/75
300,148.183.85.133,http://www.test-app.com/104
500,96.159.176.74,http://www.test-app.com/342
500,61.190.162.201,http://www.test-app.com/58
500,5.14.46.42,http://www.test-app.com/362
500,134.215.209.58,http://www.test-app.com/48
400,44.56.30.90,http://www.test-app.com/116
400,162.95.86.72,http://www.test-app.com/121
300,42.217.252.119,http://www.test-app.com/78
500,12.147.191.191,http://www.test-app.com/215
200,152.247.49.71,http://www.test-app.com/369
400,46.209.64.239,http://www.test-app.com/228
200,217.180.106.59,http://www.test-app.com/18
400,164.49.158.73,http://www.test-app.com/292
300,59.170.61.195,http://www.test-app.com/150
200,140.25.202.83,http://www.test-app.com/12
200,195.46.45.33,http://www.test-app.com/342
200,172.116.68.102,http://www.test-app.com/383
400,70.149.4.204,http://www.test-app.com/169
200,64.48.232.71,http://www.test-app.com/4
400,180.179.163.98,http://www.test-app.com/131
500,32.172.211.96,http://www.test-app.com/321
200,105.246.79.48,http://www.test-app.com/299
200,176.3.3.151,http://www.test-app.com/100
500,243.138.246.61,http://www.test-app.com/138
200,93.156.83.184,http://www.test-app.com/152
400,255.15.196.69,http://www.test-app.com/130
200,64.48.232.71,http://www.test-app.com/257
400,245.14.85.175,http://www.test-app.com/274
500,51.117.149.111,http://www.test-app.com/361
500,233.105.163.31,http://www.test-app.com/346
200,221.154.34.242,http://www.test-app.com/320
400,36.135.84.5,http://www.test-app.com/335
500,114.132.236.37,http://www.test-app.com/327
300,205.7.100.177,http://www.test-app.com/26
500,111.111.215.241,http://www.test-app.com/118
300,94.64.122.197,http://www.test-app.com/207
200,149.68.242.248,http://www.test-app.com/282
500,59.151.179.107,http://www.test-app.com/360
400,36.74.175.185,http://www.test-app.com/195
200,68.200.196.241,http://www.test-app.com/192
400,165.30.17.109,http://www.test-app.com/399
500,110.0.168.24,http://www.test-app.com/364
300,14.62.145.59,http://www.test-app.com/131
300,214.164.80.186,http://www.test-app.com/27
300,27.198.9.237,http://www.test-app.com/280
200,51.189.173.61,http://www.test-app.com/339
200,2.85.133.181,http://www.test-app.com/161
200,136.39.223.32,http://www.test-app.com/289
500,195.46.45.33,http://www.test-app.com/147
200,93.156.83.184,http://www.test-app.com/225
300,50.56.178.67,http://www.test-app.com/317
500,196.152.124.127,http://www.test-app.com/169
400,114.238.249.230,http://www.test-app.com/286
500,203.241.132.92,http://www.test-app.com/239
500,6.226.186.46,http://www.test-app.com/261
300,124.76.39.175,http://www.test-app.com/165
500,136.78.49.176,http://www.test-app.com/272
200,252.54.233.149,http://www.test-app.com/288
300,95.204.40.21,http://www.test-app.com/168
500,119.213.95.201,http://www.test-app.com/361
200,113.49.94.154,http://www.test-app.com/87
200,206.214.100.101,http://www.test-app.com/265
200,11.168.31.209,http://www.test-app.com/48
200,248.216.83.24,http://www.test-app.com/222
200,97.83.193.133,http://www.test-app.com/356
200,220.220.221.206,http://www.test-app.com/35
400,40.28.101.190,http://www.test-app.com/238
200,12.147.191.191,http://www.test-app.com/127
200,45.91.240.22,http://www.test-app.com/37
200,144.91.92.35,http://www.test-app.com/104
200,131.110.46.37,http://www.test-app.com/366
500,143.105.125.150,http://www.test-app.com/211
500,53.213.97.78,http://www.test-app.com/163
400,77.10.108.123,http://www.test-app.com/110
200,183.182.63.246,http://www.test-app.com/228
300,159.136.22.140,http://www.test-app.com/296
200,79.53.228.76,http://www.test-app.com/164
200,40.73.202.171,http://www.test-app.com/269
200,95.254.243.82,http://www.test-app.com/42
200,51.117.149.111,http://www.test-app.com/5
500,117.85.136.52,http://www.test-app.com/330
300,248.111.128.42,http://www.test-app.com/41
200,45.100.56.76,http://www.test-app.com/280
200,46.235.184.88,http://www.test-app.com/371
200,126.176.172.246,http://www.test-app.com/368
200,11.191.111.85,http://www.test-app.com/311
500,171.116.73.234,http://www.test-app.com/9
300,144.91.92.35,http://www.test-app.com/311
300,153.21.7.150,http://www.test-app.com/295
500,170.243.19.250,http://www.test-app.com/209
200,193.107.243.232,http://www.test-app.com/268
300,117.14.206.152,http://www.test-app.com/358
200,21.29.149.73,http://www.test-app.com/207
200,64.108.144.130,http://www.test-app.com/284
400,195.222.104.154,http://www.test-app.com/253
200,246.7.26.40,http://www.test-app.com/27
300,110.0.168.24,http://www.test-app.com/315
300,51.117.149.111,http://www.test-app.com/90
300,6.189.154.50,http://www.test-app.com/199
200,61.104.221.184,http://www.test-app.com/278
500,137.143.98.130,http://www.test-app.com/8
200,183.194.202.153,http://www.test-app.com/340
400,98.64.88.199,http://www.test-app.com/264
400,95.204.40.21,http://www.test-app.com/290
200,204.75.199.211,http://www.test-app.com/35
400,21.29.149.73,http://www.test-app.com/87
300,228.7.86.249,http://www.test-app.com/3
200,171.116.73.234,http://www.test-app.com/296
200,1.146.209.168,http://www.test-app.com/268
500,111.111.215.241,http://www.test-app.com/290
200,112.26.71.253,http://www.test-app.com/241
500,48.242.203.207,http://www.test-app.com/22
200,213.252.3.147,http://www.test-app.com/250
200,22.85.53.53,http://www.test-app.com/252
200,246.7.26.40,http://www.test-app.com/364
400,149.236.44.74,http://www.test-app.com/89
200,11.191.111.85,http://www.test-app.com/87
200,134.111.68.78,http://www.test-app.com/158
200,255.63.156.134,http://www.test-app.com/253
500,115.83.20.50,http://www.test-app.com/275
500,206.214.100.101,http://www.test-app.com/374
300,182.59.42.197,http://www.test-app.com/298
200,99.241.30.109,http://www.test-app.com/3
200,19.101.136.156,http://www.test-app.com/258
300,177.139.182.71,http://www.test-app.com/31
500,48.15.155.113,http://www.test-app.com/344
400,246.7.26.40,http://www.test-app.com/289
500,194.110.204.86,http://www.test-app.com/160
200,213.71.69.170,http://www.test-app.com/353
200,139.78.163.238,http://www.test-app.com/105
500,27.59.218.213,http://www.test-app.com/129
200,98.64.88.199,http://www.test-app.com/88
300,252.54.233.149,http://www.test-app.com/311
400,176.102.194.54,http://www.test-app.com/59
200,54.149.191.192,http://www.test-app.com/313
200,138.162.50.244,http://www.test-app.com/192
200,220.14.78.13,http://www.test-app.com/251
200,48.242.203.207,http://www.test-app.com/240
200,57.228.131.82,http://www.test-app.com/34
200,68.211.110.86,http://www.test-app.com/335
400,236.96.44.98,http://www.test-app.com/262
200,182.59.42.197,http://www.test-app.com/117
500,115.195.3.91,http://www.test-app.com/30
500,186.165.186.252,http://www.test-app.com/325
500,252.187.229.38,http://www.test-app.com/253
500,175.181.232.231,http://www.test-app.com/14
200,177.139.182.71,http://www.test-app.com/243
400,90.219.51.138,http://www.test-app.com/63
200,126.99.35.206,http://www.test-app.com/88
200,173.109.0.149,http://www.test-app.com/380
500,115.83.20.50,http://www.test-app.com/88
400,94.64.122.197,http://www.test-app.com/19
400,195.222.104.154,http://www.test-app.com/329
200,252.19.219.98,http://www.test-app.com/145
200,248.255.82.95,http://www.test-app.com/176
300,50.56.178.67,http://www.test-app.com/10
300,59.203.46.134,http://www.test-app.com/53
200,252.54.233.149,http://www.test-app.com/282
200,45.100.56.76,http://www.test-app.com/317
400,55.137.40.31,http://www.test-app.com/343
200,239.105.201.169,http://www.test-app.com/367
400,47.186.162.44,http://www.test-app.com/221
400,220.79.203.154,http://www.test-app.com/127
500,155.97.157.5,http://www.test-app.com/158
400,137.136.77.237,http://www.test-app.com/119
500,1.89.56.76,http://www.test-app.com/16
400,51.117.149.111,http://www.test-app.com/250
300,193.31.189.96,http://www.test-app.com/25
200,195.222.104.154,http://www.test-app.com/104
200,66.247.1.176,http://www.test-app.com/391
200,255.63.156.134,http://www.test-app.com/6
300,143.225.206.194,http://www.test-app.com/56
200,59.203.46.134,http://www.test-app.com/164
400,248.255.82.95,http://www.test-app.com/139
200,245.156.110.49,http://www.test-app.com/354
400,139.34.120.201,http://www.test-app.com/59
300,23.187.49.30,http://www.test-app.com/133
200,45.100.56.76,http://www.test-app.com/395
400,249.51.230.142,http://www.test-app.com/304
500,156.45.131.51,http://www.test-app.com/202
500,255.85.152.208,http://www.test-app.com/293
200,165.70.47.51,http://www.test-app.com/375
200,245.89.23.157,http://www.test-app.com/158
400,105.246.79.48,http://www.test-app.com/211
200,136.244.60.34,http://www.test-app.com/296
400,111.92.70.8,http://www.test-app.com/197
500,10.215.196.55,http://www.test-app.com/42
200,40.73.202.171,http://www.test-app.com/119
500,154.173.60.125,http://www.test-app.com/366
200,236.96.44.98,http://www.test-app.com/117
300,114.132.236.37,http://www.test-app.com/311
300,22.85.53.53,http://www.test-app.com/87
300,88.61.247.194,http://www.test-app.com/398
200,221.173.134.97,http://www.test-app.com/241
200,36.135.84.5,http://www.test-app.com/31
400,220.100.255.20,http://www.test-app.com/84
200,248.227.107.222,http://www.test-app.com/194
300,233.105.163.31,http://www.test-app.com/114
200,101.36.144.172,http://www.test-app.com/29
500,248.156.33.158,http://www.test-app.com/191
500,220.41.70.251,http://www.test-app.com/264
200,55.137.40.31,http://www.test-app.com/322
200,217.180.106.59,http://www.test-app.com/100
400,44.56.30.90,http://www.test-app.com/238
200,248.156.33.158,http://www.test-app.com/349
400,114.132.236.37,http://www.test-app.com/359
400,245.46.255.232,http://www.test-app.com/185
300,111.111.215.241,http://www.test-app.com/348
200,7.85.40.76,http://www.test-app.com/319
400,52.32.188.168,http://www.test-app.com/109
200,20.13.169.105,http://www.test-app.com/105
500,153.216.172.54,http://www.test-app.com/287
200,12.220.195.37,http://www.test-app.com/290
500,206.226.133.223,http://www.test-app.com/147
300,137.174.55.97,http://www.test-app.com/181
500,214.164.80.186,http://www.test-app.com/313
200,243.210.121.195,http://www.test-app.com/223
200,95.204.40.21,http://www.test-app.com/235
300,94.64.122.197,http://www.test-app.com/68
400,73.62.29.130,http://www.test-app.com/256
200,68.200.196.241,http://www.test-app.com/19
500,36.57.243.143,http://www.test-app.com/62
500,214.164.80.186,http://www.test-app.com/76
200,177.139.182.71,http://www.test-app.com/310
300,245.156.110.49,http://www.test-app.com/381
500,117.248.43.198,http://www.test-app.com/1
200,70.223.25.88,http://www.test-app.com/198
400,38.247.199.2,http://www.test-app.com/28
500,182.86.25.247,http://www.test-app.com/2
200,137.155.39.136,http://www.test-app.com/272
400,182.59.42.197,http://www.test-app.com/160
500,97.61.206.138,http://www.test-app.com/238
200,255.63.156.134,http://www.test-app.com/74
400,86.92.20.109,http://www.test-app.com/205
300,65.184.80.147,http://www.test-app.com/232
200,251.105.192.11,http://www.test-app.com/333
200,101.202.253.70,http://www.test-app.com/131
500,141.136.168.116,http://www.test-app.com/12
200,70.3.91.210,http://www.test-app.com/40
500,206.247.193.35,http://www.test-app.com/152
500,65.58.31.15,http://www.test-app.com/192
500,65.58.31.15,http://www.test-app.com/137
500,39.252.85.38,http://www.test-app.com/263
400,117.197.222.29,http://www.test-app.com/272
200,65.184.80.147,http://www.test-app.com/145
400,251.87.167.93,http://www.test-app.com/373
200,176.111.142.49,http://www.test-app.com/374
200,189.19.75.80,http://www.test-app.com/86
300,206.247.193.35,http://www.test-app.com/296
200,117.14.206.152,http://www.test-app.com/371
200,248.156.33.158,http://www.test-app.com/73
200,36.135.84.5,http://www.test-app.com/121
200,36.57.243.143,http://www.test-app.com/258
200,8.36.119.74,http://www.test-app.com/80
300,47.186.162.44,http://www.test-app.com/266
500,117.49.1.138,http://www.test-app.com/79
200,239.224.11.45,http://www.test-app.com/121
500,75.43.170.8,http://www.test-app.com/245
400,75.118.70.102,http://www.test-app.com/204
200,173.186.225.203,http://www.test-app.com/31
200,126.176.172.246,http://www.test-app.com/331
200,139.34.120.201,http://www.test-app.com/263
200,198.34.30.68,http://www.test-app.com/386
200,156.45.131.51,http://www.test-app.com/278
200,182.59.42.197,http://www.test-app.com/123
200,245.46.255.232,http://www.test-app.com/207
200,52.51.177.184,http://www.test-app.com/72
400,4.173.193.123,http://www.test-app.com/349
200,108.219.47.26,http://www.test-app.com/126
200,220.100.255.20,http://www.test-app.com/139
500,23.29.155.105,http://www.test-app.com/271
400,9.181.24.14,http://www.test-app.com/290
300,140.25.202.83,http://www.test-app.com/152
400,52.223.163.41,http://www.test-app.com/313
500,203.209.36.232,http://www.test-app.com/282
200,90.204.255.231,http://www.test-app.com/218
200,51.189.173.61,http://www.test-app.com/221
200,138.72.167.31,http://www.test-app.com/352
300,228.7.86.249,http://www.test-app.com/386
200,88.61.247.194,http://www.test-app.com/75
400,152.247.49.71,http://www.test-app.com/73
200,6.96.223.22,http://www.test-app.com/149
500,66.247.1.176,http://www.test-app.com/270
500,159.136.22.140,http://www.test-app.com/235
500,182.86.25.247,http://www.test-app.com/37
300,255.15.196.69,http://www.test-app.com/388
500,137.74.181.248,http://www.test-app.com/356
400,136.39.223.32,http://www.test-app.com/22
500,197.118.95.35,http://www.test-app.com/395
200,204.56.145.50,http://www.test-app.com/24
200,214.164.80.186,http://www.test-app.com/257
200,88.61.247.194,http://www.test-app.com/379
500,190.42.32.15,http://www.test-app.com/159
200,137.143.98.130,http://www.test-app.com/352
200,178.60.224.159,http://www.test-app.com/246
500,134.111.68.78,http://www.test-app.com/392
500,115.83.20.50,http://www.test-app.com/309
400,92.119.195.200,http://www.test-app.com/128
300,223.122.227.1,http://www.test-app.com/390
200,217.180.106.59,http://www.test-app.com/383
400,136.244.60.34,http://www.test-app.com/307
500,116.222.220.6,http://www.test-app.com/377
200,92.3.136.45,http://www.test-app.com/85
200,53.213.97.78,http://www.test-app.com/275
300,206.247.193.35,http://www.test-app.com/258
200,173.109.0.149,http://www.test-app.com/25
300,245.241.48.112,http://www.test-app.com/198
200,67.90.250.124,http://www.test-app.com/174
200,1.55.49.175,http://www.test-app.com/277
200,170.243.19.250,http://www.test-app.com/253
400,88.26.236.126,http://www.test-app.com/226
200,133.208.186.175,http://www.test-app.com/29
500,45.100.56.76,http://www.test-app.com/146
300,101.202.253.70,http://www.test-app.com/350
300,136.78.49.176,http://www.test-app.com/230
200,79.53.228.76,http://www.test-app.com/152
200,225.130.154.12,http://www.test-app.com/396
200,19.88.31.59,http://www.test-app.com/50
500,64.161.34.248,http://www.test-app.com/185
300,206.214.100.101,http://www.test-app.com/23
200,68.143.253.161,http://www.test-app.com/296
200,61.190.162.201,http://www.test-app.com/137
200,220.41.70.251,http://www.test-app.com/111
200,132.127.86.52,http://www.test-app.com/389
300,137.155.39.136,http://www.test-app.com/124
200,255.15.196.69,http://www.test-app.com/169
200,27.51.175.10,http://www.test-app.com/257
200,22.206.1.5,http://www.test-app.com/28
300,40.110.50.129,http://www.test-app.com/301
200,45.200.21.29,http://www.test-app.com/122
200,119.213.95.201,http://www.test-app.com/219
500,205.7.100.177,http://www.test-app.com/216
400,193.31.189.96,http://www.test-app.com/121
200,255.63.156.134,http://www.test-app.com/123
200,111.111.253.247,http://www.test-app.com/350
300,212.216.156.17,http://www.test-app.com/104
300,205.7.188.251,http://www.test-app.com/15
200,245.156.110.49,http://www.test-app.com/40
300,144.91.92.35,http://www.test-app.com/314
300,137.136.77.237,http://www.test-app.com/355
500,251.87.167.93,http://www.test-app.com/324
500,11.168.31.209,http://www.test-app.com/317
200,208.103.150.123,http://www.test-app.com/132
200,113.49.94.154,http://www.test-app.com/173
200,140.3.227.128,http://www.test-app.com/232
400,128.112.128.160,http://www.test-app.com/211
200,46.209.64.239,http://www.test-app.com/161
200,55.137.40.31,http://www.test-app.com/286
500,169.173.104.216,http://www.test-app.com/379
400,137.174.55.97,http://www.test-app.com/59
500,134.111.44.106,http://www.test-app.com/198
300,65.58.31.15,http://www.test-app.com/144
500,157.0.41.159,http://www.test-app.com/202
200,159.136.22.140,http://www.test-app.com/276
300,27.59.218.213,http://www.test-app.com/92
200,116.222.220.6,http://www.test-app.com/53
200,59.210.48.42,http://www.test-app.com/83
500,149.136.124.157,http://www.test-app.com/27
400,148.92.57.18,http://www.test-app.com/386
200,196.152.124.127,http://www.test-app.com/181
500,68.211.110.86,http://www.test-app.com/41
200,153.45.125.56,http://www.test-app.com/388
500,137.174.55.97,http://www.test-app.com/346
300,206.214.100.101,http://www.test-app.com/183
200,131.91.7.192,http://www.test-app.com/137
200,206.226.133.223,http://www.test-app.com/120
500,68.200.196.241,http://www.test-app.com/133
500,148.202.215.139,http://www.test-app.com/176
500,64.48.232.71,http://www.test-app.com/271
200,47.186.162.44,http://www.test-app.com/280
400,137.74.181.248,http://www.test-app.com/289
200,193.31.189.96,http://www.test-app.com/122
500,153.45.125.56,http://www.test-app.com/330
200,117.197.222.29,http://www.test-app.com/53
200,70.223.25.88,http://www.test-app.com/141
500,66.194.196.220,http://www.test-app.com/335
400,108.200.125.206,http://www.test-app.com/188
200,50.234.171.28,http://www.test-app.com/28
200,38.247.199.2,http://www.test-app.com/240
200,94.64.122.197,http://www.test-app.com/188
200,112.26.71.253,http://www.test-app.com/267
200,197.118.95.35,http://www.test-app.com/170
200,1.122.56.150,http://www.test-app.com/19
200,177.139.182.71,http://www.test-app.com/340
300,67.84.234.229,http://www.test-app.com/147
200,134.111.44.106,http://www.test-app.com/145
200,245.156.110.49,http://www.test-app.com/390
200,23.187.49.30,http://www.test-app.com/56
300,239.224.11.45,http://www.test-app.com/46
300,96.106.127.190,http://www.test-app.com/60
200,134.111.68.78,http://www.test-app.com/13
200,95.254.243.82,http://www.test-app.com/138
200,148.183.85.133,http://www.test-app.com/381
300,101.32.181.253,http://www.test-app.com/222
200,222.217.153.66,http://www.test-app.com/59
500,136.244.60.34,http://www.test-app.com/337
400,104.109.221.232,http://www.test-app.com/299
200,65.181.182.4,http://www.test-app.com/259
300,133.176.197.88,http://www.test-app.com/8
200,245.89.23.157,http://www.test-app.com/159
300,249.110.36.30,http://www.test-app.com/392
200,7.127.137.66,http://www.test-app.com/331
200,68.143.253.161,http://www.test-app.com/9
200,142.160.218.25,http://www.test-app.com/276
400,248.111.128.42,http://www.test-app.com/124
500,61.104.221.184,http://www.test-app.com/362
200,35.215.186.211,http://www.test-app.com/250
200,73.62.29.130,http://www.test-app.com/17
500,114.162.131.203,http://www.test-app.com/344
500,233.105.163.31,http://www.test-app.com/240
300,219.62.195.58,http://www.test-app.com/84
400,47.186.162.44,http://www.test-app.com/17
200,40.28.101.190,http://www.test-app.com/256
200,136.39.223.32,http://www.test-app.com/2
500,195.222.104.154,http://www.test-app.com/390
300,53.241.91.37,http://www.test-app.com/136
300,220.100.255.20,http://www.test-app.com/119
200,45.100.56.76,http://www.test-app.com/161
500,85.181.115.213,http://www.test-app.com/230
200,147.204.209.248,http://www.test-app.com/204
300,81.248.57.182,http://www.test-app.com/101
400,153.45.125.56,http://www.test-app.com/156
200,219.62.195.58,http://www.test-app.com/92
300,205.7.188.251,http://www.test-app.com/254
200,176.102.194.54,http://www.test-app.com/183
400,149.236.44.74,http://www.test-app.com/213
200,47.186.162.44,http://www.test-app.com/258
200,50.234.171.28,http://www.test-app.com/348
200,6.226.186.46,http://www.test-app.com/27
500,241.86.164.143,http://www.test-app.com/267
200,90.204.255.231,http://www.test-app.com/315
500,21.121.188.62,http://www.test-app.com/279
400,111.193.79.145,http://www.test-app.com/245
200,119.213.95.201,http://www.test-app.com/211
500,230.145.110.81,http://www.test-app.com/123
200,67.90.250.124,http://www.test-app.com/25
200,63.143.220.75,http://www.test-app.com/168
200,245.156.110.49,http://www.test-app.com/343
200,246.77.252.133,http://www.test-app.com/8
200,158.96.101.178,http://www.test-app.com/369
200,98.64.88.199,http://www.test-app.com/206
300,193.107.243.232,http://www.test-app.com/349
200,47.186.162.44,http://www.test-app.com/132
400,245.241.48.112,http://www.test-app.com/189
200,111.111.215.241,http://www.test-app.com/349
200,101.32.181.253,http://www.test-app.com/109
200,68.143.253.161,http://www.test-app.com/355
200,204.56.145.50,http://www.test-app.com/377
500,2.85.133.181,http://www.test-app.com/256
200,220.14.78.13,http://www.test-app.com/137
200,136.244.60.34,http://www.test-app.com/318
200,45.100.56.76,http://www.test-app.com/135
300,246.7.26.40,http://www.test-app.com/366
200,203.241.132.92,http://www.test-app.com/1
200,131.91.7.192,http://www.test-app.com/18
200,111.111.215.241,http://www.test-app.com/176
500,131.110.46.37,http://www.test-app.com/284
200,94.64.122.197,http://www.test-app.com/104
500,213.252.3.147,http://www.test-app.com/35
200,190.42.32.15,http://www.test-app.com/244
400,142.77.230.78,http://www.test-app.com/162
200,235.192.103.237,http://www.test-app.com/356
500,137.228.195.255,http://www.test-app.com/136
500,137.74.181.248,http://www.test-app.com/356
200,66.194.196.220,http://www.test-app.com/229
200,111.111.215.241,http://www.test-app.com/337
200,189.19.75.80,http://www.test-app.com/300
500,176.102.194.54,http://www.test-app.com/257
200,193.31.189.96,http://www.test-app.com/76
300,53.213.97.78,http://www.test-app.com/354
200,228.7.86.249,http://www.test-app.com/272
200,46.235.184.88,http://www.test-app.com/53
200,182.86.25.247,http://www.test-app.com/164
500,176.102.194.54,http://www.test-app.com/92
200,90.219.51.138,http://www.test-app.com/399
200,93.156.83.184,http://www.test-app.com/257
300,239.105.201.169,http://www.test-app.com/22
500,198.34.30.68,http://www.test-app.com/374
200,133.208.186.175,http://www.test-app.com/244
300,183.194.202.153,http://www.test-app.com/44
300,255.63.156.134,http://www.test-app.com/341
400,113.195.194.113,http://www.test-app.com/276
500,138.72.167.31,http://www.test-app.com/290
200,245.21.26.35,http://www.test-app.com/118
500,147.204.209.248,http://www.test-app.com/178
200,48.23.35.148,http://www.test-app.com/271
200,50.56.178.67,http://www.test-app.com/335
200,177.28.92.248,http://www.test-app.com/381
200,208.103.150.123,http://www.test-app.com/33
200,40.18.100.245,http://www.test-app.com/21
200,245.89.23.157,http://www.test-app.com/91
200,14.62.145.59,http://www.test-app.com/316
200,109.170.84.82,http://www.test-app.com/111
200,118.145.194.64,http://www.test-app.com/218
200,36.57.243.143,http://www.test-app.com/102
200,203.241.132.92,http://www.test-app.com/214
500,8.36.119.74,http://www.test-app.com/358
200,177.155.9.105,http://www.test-app.com/307
300,11.231.147.224,http://www.test-app.com/1
400,45.91.240.22,http://www.test-app.com/31
200,234.185.206.7,http://www.test-app.com/383
200,51.189.173.61,http://www.test-app.com/377
200,248.156.33.158,http://www.test-app.com/268
200,89.74.116.6,http://www.test-app.com/370
200,68.143.253.161,http://www.test-app.com/285
400,99.241.30.109,http://www.test-app.com/139
200,137.143.98.130,http://www.test-app.com/191
500,239.105.201.169,http://www.test-app.com/354
200,45.198.71.125,http://www.test-app.com/201
400,221.173.134.97,http://www.test-app.com/392
300,59.210.48.42,http://www.test-app.com/64
400,55.137.40.31,http://www.test-app.com/176
400,189.19.75.80,http://www.test-app.com/0
200,126.108.220.117,http://www.test-app.com/315
200,144.75.231.65,http://www.test-app.com/197
500,111.111.215.241,http://www.test-app.com/148
400,122.3.103.48,http://www.test-app.com/262
300,20.13.169.105,http://www.test-app.com/199
400,150.26.235.29,http://www.test-app.com/169
500,27.59.218.213,http://www.test-app.com/386
200,92.119.195.200,http://www.test-app.com/289
300,252.54.233.149,http://www.test-app.com/54
300,11.152.175.157,http://www.test-app.com/100
200,19.248.221.194,http://www.test-app.com/39
500,137.143.98.130,http://www.test-app.com/2
300,115.195.3.91,http://www.test-app.com/177
300,90.178.215.176,http://www.test-app.com/396
200,90.178.215.176,http://www.test-app.com/97
500,46.209.64.239,http://www.test-app.com/383
400,170.189.236.206,http://www.test-app.com/102
300,223.122.227.1,http://www.test-app.com/19
400,220.79.203.154,http://www.test-app.com/155
300,128.112.128.160,http://www.test-app.com/205
300,173.109.0.149,http://www.test-app.com/29
200,245.89.23.157,http://www.test-app.com/148
200,16.21.107.26,http://www.test-app.com/55
300,105.246.79.48,http://www.test-app.com/79
200,40.28.101.190,http://www.test-app.com/63
500,245.89.23.157,http://www.test-app.com/141
400,127.77.73.42,http://www.test-app.com/72
300,165.30.17.109,http://www.test-app.com/186
200,96.159.176.74,http://www.test-app.com/311
400,127.77.73.42,http://www.test-app.com/72
400,34.227.48.113,http://www.test-app.com/391
300,113.49.94.154,http://www.test-app.com/312
400,240.148.28.253,http://www.test-app.com/247
200,93.141.103.179,http://www.test-app.com/166
400,27.198.9.237,http://www.test-app.com/227
200,193.107.243.232,http://www.test-app.com/17
200,36.135.84.5,http://www.test-app.com/174
200,167.75.47.11,http://www.test-app.com/227
200,252.54.233.149,http://www.test-app.com/135
500,90.204.255.231,http://www.test-app.com/163
200,207.185.14.100,http://www.test-app.com/361
200,228.7.86.249,http://www.test-app.com/38
400,111.193.79.145,http://www.test-app.com/394
200,116.222.220.6,http://www.test-app.com/114
400,21.121.188.62,http://www.test-app.com/158
400,64.38.68.182,http://www.test-app.com/79
200,110.0.168.24,http://www.test-app.com/238
200,93.141.103.179,http://www.test-app.com/41
200,206.226.133.223,http://www.test-app.com/38
200,53.213.97.78,http://www.test-app.com/205
400,112.26.71.253,http://www.test-app.com/339
400,43.235.193.174,http://www.test-app.com/352
500,139.158.155.10,http://www.test-app.com/109
400,208.103.150.123,http://www.test-app.com/161
300,41.171.2.107,http://www.test-app.com/306
200,178.60.224.159,http://www.test-app.com/323
200,99.112.172.227,http://www.test-app.com/197
200,164.49.158.73,http://www.test-app.com/116
200,7.85.40.76,http://www.test-app.com/197
200,19.101.136.156,http://www.test-app.com/15
200,114.89.6.191,http://www.test-app.com/46
300,80.167.113.39,http://www.test-app.com/193
200,104.109.221.232,http://www.test-app.com/248
400,106.146.213.162,http://www.test-app.com/331
200,7.127.137.66,http://www.test-app.com/81
200,96.159.176.74,http://www.test-app.com/95
200,52.223.163.41,http://www.test-app.com/343
300,40.73.202.171,http://www.test-app.com/61
200,231.122.158.238,http://www.test-app.com/5
300,230.145.110.81,http://www.test-app.com/140
500,221.154.34.242,http://www.test-app.com/196
200,51.117.149.111,http://www.test-app.com/5
200,235.22.68.17,http://www.test-app.com/368
400,251.105.192.11,http://www.test-app.com/13
200,232.143.151.201,http://www.test-app.com/293
500,255.15.196.69,http://www.test-app.com/394
500,208.103.150.123,http://www.test-app.com/255
200,113.195.194.113,http://www.test-app.com/3
200,36.135.84.5,http://www.test-app.com/170
200,212.216.156.17,http://www.test-app.com/262
500,140.25.202.83,http://www.test-app.com/375
200,36.135.84.5,http://www.test-app.com/119
300,230.145.110.81,http://www.test-app.com/216
200,248.156.33.158,http://www.test-app.com/227
300,215.17.144.140,http://www.test-app.com/58
200,73.62.29.130,http://www.test-app.com/384
400,241.86.164.143,http://www.test-app.com/184
200,40.28.101.190,http://www.test-app.com/27
200,162.95.86.72,http://www.test-app.com/287
200,48.242.203.207,http://www.test-app.com/378
300,191.27.136.175,http://www.test-app.com/259
500,252.187.229.38,http://www.test-app.com/350
200,48.15.155.113,http://www.test-app.com/124
200,70.3.91.210,http://www.test-app.com/253
500,114.238.249.230,http://www.test-app.com/71
200,243.138.246.61,http://www.test-app.com/238
200,98.64.88.199,http://www.test-app.com/148
400,193.93.23.147,http://www.test-app.com/315
200,52.175.251.109,http://www.test-app.com/81
200,23.164.191.207,http://www.test-app.com/322
200,183.194.202.153,http://www.test-app.com/120
500,6.96.223.22,http://www.test-app.com/198
500,253.112.127.66,http://www.test-app.com/366
400,14.62.145.59,http://www.test-app.com/167
500,108.219.47.26,http://www.test-app.com/246
500,55.137.40.31,http://www.test-app.com/205
300,65.184.80.147,http://www.test-app.com/36
400,27.209.140.52,http://www.test-app.com/38
300,64.108.144.130,http://www.test-app.com/17
300,39.252.85.38,http://www.test-app.com/224
200,71.96.99.150,http://www.test-app.com/395
300,12.147.191.191,http://www.test-app.com/257
500,223.122.227.1,http://www.test-app.com/253
400,61.104.221.184,http://www.test-app.com/136
400,46.209.64.239,http://www.test-app.com/43
200,36.157.46.90,http://www.test-app.com/297
200,144.91.92.35,http://www.test-app.com/201
200,65.181.182.4,http://www.test-app.com/117
300,11.231.147.224,http://www.test-app.com/250
200,223.5.149.135,http://www.test-app.com/6
500,162.95.86.72,http://www.test-app.com/296
400,111.92.70.8,http://www.test-app.com/151
500,12.220.195.37,http://www.test-app.com/208
400,27.198.9.237,http://www.test-app.com/179
300,125.38.201.240,http://www.test-app.com/9
400,114.162.131.203,http://www.test-app.com/76
200,32.172.211.96,http://www.test-app.com/367
300,64.48.232.71,http://www.test-app.com/135
300,220.100.255.20,http://www.test-app.com/22
300,115.83.20.50,http://www.test-app.com/122
200,222.217.153.66,http://www.test-app.com/363
200,195.222.104.154,http://www.test-app.com/385
300,170.219.252.56,http://www.test-app.com/248
200,88.61.247.194,http://www.test-app.com/199
400,171.116.73.234,http://www.test-app.com/6
200,32.172.211.96,http://www.test-app.com/183
200,24.220.1.146,http://www.test-app.com/242
200,133.176.197.88,http://www.test-app.com/177
200,187.34.170.81,http://www.test-app.com/386
200,181.106.243.70,http://www.test-app.com/195
200,14.62.145.59,http://www.test-app.com/320
200,63.143.220.75,http://www.test-app.com/76
500,141.136.168.116,http://www.test-app.com/316
300,70.223.25.88,http://www.test-app.com/93
200,142.160.218.25,http://www.test-app.com/83
300,171.116.73.234,http://www.test-app.com/326
500,248.227.107.222,http://www.test-app.com/135
400,203.2.242.244,http://www.test-app.com/34
200,251.105.192.11,http://www.test-app.com/20
200,248.111.128.42,http://www.test-app.com/72
200,57.228.131.82,http://www.test-app.com/248
500,88.61.247.194,http://www.test-app.com/147
200,45.200.21.29,http://www.test-app.com/134
500,235.22.68.17,http://www.test-app.com/395
200,140.196.170.237,http://www.test-app.com/284
300,180.179.163.98,http://www.test-app.com/73
500,158.96.101.178,http://www.test-app.com/385
200,206.214.100.101,http://www.test-app.com/173
300,4.87.81.178,http://www.test-app.com/150
500,118.145.194.64,http://www.test-app.com/185
300,5.14.46.42,http://www.test-app.com/53
300,175.181.232.231,http://www.test-app.com/149
200,90.204.255.231,http://www.test-app.com/118
400,179.37.222.10,http://www.test-app.com/61
200,176.244.173.58,http://www.test-app.com/85
500,117.14.206.152,http://www.test-app.com/42
200,175.182.166.69,http://www.test-app.com/340
500,245.89.23.157,http://www.test-app.com/105
300,48.23.35.148,http://www.test-app.com/38
500,246.77.252.133,http://www.test-app.com/364
300,122.3.103.48,http://www.test-app.com/290
500,125.38.201.240,http://www.test-app.com/123
300,66.247.1.176,http://www.test-app.com/310
500,220.14.78.13,http://www.test-app.com/395
300,92.119.195.200,http://www.test-app.com/117
400,55.215.220.125,http://www.test-app.com/309
500,46.235.184.88,http://www.test-app.com/88
200,50.56.178.67,http://www.test-app.com/206
200,154.173.60.125,http://www.test-app.com/66
200,90.178.215.176,http://www.test-app.com/180
200,245.156.110.49,http://www.test-app.com/240
200,233.105.163.31,http://www.test-app.com/344
300,177.28.92.248,http://www.test-app.com/359
200,182.59.42.197,http://www.test-app.com/395
200,162.134.112.172,http://www.test-app.com/257
200,134.111.68.78,http://www.test-app.com/147
300,212.216.156.17,http://www.test-app.com/100
200,97.61.206.138,http://www.test-app.com/46
200,48.242.203.207,http://www.test-app.com/93
300,2.85.133.181,http://www.test-app.com/75
200,93.141.103.179,http://www.test-app.com/256
200,231.122.158.238,http://www.test-app.com/128
300,148.183.85.133,http://www.test-app.com/346
200,155.97.157.5,http://www.test-app.com/266
300,53.241.91.37,http://www.test-app.com/323
200,252.19.219.98,http://www.test-app.com/247
200,172.116.68.102,http://www.test-app.com/289
200,142.77.230.78,http://www.test-app.com/332
200,149.68.242.248,http://www.test-app.com/264
500,183.182.63.246,http://www.test-app.com/119
200,170.243.19.250,http://www.test-app.com/137
500,228.124.188.100,http://www.test-app.com/135
300,233.105.163.31,http://www.test-app.com/45
200,61.104.221.184,http://www.test-app.com/308
400,196.152.124.127,http://www.test-app.com/224
200,245.241.48.112,http://www.test-app.com/90
300,36.74.175.185,http://www.test-app.com/80
500,164.49.158.73,http://www.test-app.com/313
200,223.122.227.1,http://www.test-app.com/391
200,217.180.106.59,http://www.test-app.com/129
200,255.15.196.69,http://www.test-app.com/256
500,155.97.157.5,http://www.test-app.com/317
400,204.75.199.211,http://www.test-app.com/335
300,114.132.236.37,http://www.test-app.com/191
400,96.159.176.74,http://www.test-app.com/41
400,132.127.86.52,http://www.test-app.com/370
400,165.30.17.109,http://www.test-app.com/139
200,46.97.24.16,http://www.test-app.com/360
500,55.215.220.125,http://www.test-app.com/336
400,66.247.1.176,http://www.test-app.com/284
200,134.111.68.78,http://www.test-app.com/271
200,117.49.1.138,http://www.test-app.com/275
200,20.13.169.105,http://www.test-app.com/78
200,117.197.222.29,http://www.test-app.com/345
500,245.14.85.175,http://www.test-app.com/125
200,183.194.202.153,http://www.test-app.com/137
300,170.189.236.206,http://www.test-app.com/170
300,215.17.144.140,http://www.test-app.com/277
500,136.244.60.34,http://www.test-app.com/319
500,175.182.166.69,http://www.test-app.com/261
300,204.56.145.50,http://www.test-app.com/173
200,108.219.47.26,http://www.test-app.com/237
200,70.223.25.88,http://www.test-app.com/269
300,149.236.44.74,http://www.test-app.com/39
400,243.138.246.61,http://www.test-app.com/78
500,190.42.32.15,http://www.test-app.com/86
200,176.244.173.58,http://www.test-app.com/110
300,251.105.192.11,http://www.test-app.com/113
200,206.214.100.101,http://www.test-app.com/113
300,149.183.192.33,http://www.test-app.com/240
500,148.224.197.104,http://www.test-app.com/69
200,75.118.70.102,http://www.test-app.com/289
200,73.62.29.130,http://www.test-app.com/205
400,148.224.197.104,http://www.test-app.com/43
200,11.168.31.209,http://www.test-app.com/347
200,139.158.155.10,http://www.test-app.com/297
300,177.155.9.105,http://www.test-app.com/263
200,114.89.6.191,http://www.test-app.com/169
200,190.42.32.15,http://www.test-app.com/231
200,23.164.191.207,http://www.test-app.com/13
500,162.134.112.172,http://www.test-app.com/54
200,106.146.213.162,http://www.test-app.com/282
400,234.185.206.7,http://www.test-app.com/316
400,134.215.209.58,http://www.test-app.com/128
300,220.41.70.251,http://www.test-app.com/368
300,117.85.136.52,http://www.test-app.com/208
400,75.43.170.8,http://www.test-app.com/57
200,36.135.84.5,http://www.test-app.com/66
400,149.68.242.248,http://www.test-app.com/49
200,231.4.138.167,http://www.test-app.com/365
400,39.252.85.38,http://www.test-app.com/265
200,138.162.50.244,http://www.test-app.com/2
200,43.235.193.174,http://www.test-app.com/302
200,11.152.175.157,http://www.test-app.com/142
200,230.145.110.81,http://www.test-app.com/114
200,70.3.91.210,http://www.test-app.com/123
500,52.175.251.109,http://www.test-app.com/193
500,5.14.46.42,http://www.test-app.com/103
200,95.204.40.21,http://www.test-app.com/322
400,233.105.163.31,http://www.test-app.com/65
200,99.241.30.109,http://www.test-app.com/192
500,60.159.254.237,http://www.test-app.com/289
400,117.248.43.198,http://www.test-app.com/241
200,252.19.219.98,http://www.test-app.com/26
200,70.223.25.88,http://www.test-app.com/31
200,64.108.144.130,http://www.test-app.com/236
300,137.174.55.97,http://www.test-app.com/98
400,197.118.95.35,http://www.test-app.com/375
200,180.203.39.46,http://www.test-app.com/169
200,63.143.220.75,http://www.test-app.com/250
500,213.71.69.170,http://www.test-app.com/81
500,139.78.163.238,http://www.test-app.com/249
300,45.198.71.125,http://www.test-app.com/13
200,94.64.122.197,http://www.test-app.com/373
200,86.92.20.109,http://www.test-app.com/5
300,169.173.104.216,http://www.test-app.com/248
300,81.248.57.182,http://www.test-app.com/252
200,68.211.110.86,http://www.test-app.com/166
400,251.87.167.93,http://www.test-app.com/327
200,47.186.162.44,http://www.test-app.com/166
500,162.95.86.72,http://www.test-app.com/56
200,97.61.206.138,http://www.test-app.com/380
200,239.105.201.169,http://www.test-app.com/222
200,77.10.108.123,http://www.test-app.com/285
500,203.209.36.232,http://www.test-app.com/368
300,144.75.231.65,http://www.test-app.com/240
200,71.21.0.203,http://www.test-app.com/88
200,158.96.101.178,http://www.test-app.com/389
200,36.74.175.185,http://www.test-app.com/222
200,195.46.45.33,http://www.test-app.com/90
200,143.105.125.150,http://www.test-app.com/241
300,86.92.20.109,http://www.test-app.com/314
300,186.165.186.252,http://www.test-app.com/313
200,23.29.155.105,http://www.test-app.com/127
500,64.108.144.130,http://www.test-app.com/82
400,154.173.60.125,http://www.test-app.com/85
200,68.143.253.161,http://www.test-app.com/124
200,95.204.40.21,http://www.test-app.com/325
200,192.75.226.100,http://www.test-app.com/113
200,114.238.249.230,http://www.test-app.com/109
200,90.178.215.176,http://www.test-app.com/338
200,137.74.181.248,http://www.test-app.com/356
200,45.100.56.76,http://www.test-app.com/39
300,83.218.211.54,http://www.test-app.com/82
400,149.38.208.215,http://www.test-app.com/78
